<annotation>
	<folder>images</folder>
	<filename>img (79).jpg</filename>
	<path>C:\Users\Moses Olafenwa\Documents\AI\Custom Datasets\FIRE DETECTION\dist\images\img (79).jpg</path>
	<source>
		<database>Unknown</database>
	</source>
	<size>
		<width>367</width>
		<height>137</height>
		<depth>3</depth>
	</size>
	<segmented>0</segmented>
	<object>
		<name>fire</name>
		<pose>Unspecified</pose>
		<truncated>0</truncated>
		<difficult>0</difficult>
		<bndbox>
			<xmin>105</xmin>
			<ymin>4</ymin>
			<xmax>206</xmax>
			<ymax>126</ymax>
		</bndbox>
	</object>
	<object>
		<name>fire</name>
		<pose>Unspecified</pose>
		<truncated>0</truncated>
		<difficult>0</difficult>
		<bndbox>
			<xmin>257</xmin>
			<ymin>90</ymin>
			<xmax>321</xmax>
			<ymax>121</ymax>
		</bndbox>
	</object>
	<object>
		<name>fire</name>
		<pose>Unspecified</pose>
		<truncated>0</truncated>
		<difficult>0</difficult>
		<bndbox>
			<xmin>216</xmin>
			<ymin>27</ymin>
			<xmax>252</xmax>
			<ymax>49</ymax>
		</bndbox>
	</object>
</annotation>
