<annotation>
	<folder>images</folder>
	<filename>small (77).jpg</filename>
	<path>C:\Users\Moses Olafenwa\Documents\AI\Custom Datasets\FIRE DETECTION\dist\images\small (77).jpg</path>
	<source>
		<database>Unknown</database>
	</source>
	<size>
		<width>276</width>
		<height>183</height>
		<depth>3</depth>
	</size>
	<segmented>0</segmented>
	<object>
		<name>fire</name>
		<pose>Unspecified</pose>
		<truncated>0</truncated>
		<difficult>0</difficult>
		<bndbox>
			<xmin>92</xmin>
			<ymin>13</ymin>
			<xmax>103</xmax>
			<ymax>55</ymax>
		</bndbox>
	</object>
	<object>
		<name>fire</name>
		<pose>Unspecified</pose>
		<truncated>0</truncated>
		<difficult>0</difficult>
		<bndbox>
			<xmin>138</xmin>
			<ymin>95</ymin>
			<xmax>158</xmax>
			<ymax>129</ymax>
		</bndbox>
	</object>
	<object>
		<name>fire</name>
		<pose>Unspecified</pose>
		<truncated>0</truncated>
		<difficult>0</difficult>
		<bndbox>
			<xmin>193</xmin>
			<ymin>24</ymin>
			<xmax>205</xmax>
			<ymax>52</ymax>
		</bndbox>
	</object>
</annotation>
